{
  "scenario_id": "scenario_0009",
  "scenario_type": "crack_and_utility",
  "dam": {
    "dam_type": "puddle_core",
    "height_m": 21.811340378299356,
    "crest_width_m": 9.002016007501496,
    "upstream_slope": 3.047904460184225,
    "downstream_slope": 2.9734490961401128
  },
  "crack": {
    "orientation": "longitudinal",
    "width_mm": 30.000992299333753,
    "depth_top_m": 1.5496972033890457,
    "depth_bottom_m": 14.687042130969648,
    "fill": "air",
    "x_offset_m": -0.1562673967247396
  },
  "utility": {
    "utility_type": "concrete_conduit",
    "depth_m": 24.003293381211993,
    "diameter_m": 0.9893458401203777,
    "x_position_m": -19.036125435909046
  },
  "saturation_states": [
    {
      "state_id": 0,
      "phreatic_level": 0.3
    },
    {
      "state_id": 1,
      "phreatic_level": 0.6
    },
    {
      "state_id": 2,
      "phreatic_level": 0.85
    }
  ],
  "seed": 50
}