{
  "scenario_id": "scenario_0006",
  "scenario_type": "utility_only",
  "dam": {
    "dam_type": "puddle_core",
    "height_m": 21.12702991963841,
    "crest_width_m": 8.522012902717647,
    "upstream_slope": 2.9651805382294834,
    "downstream_slope": 2.103725029647892
  },
  "crack": null,
  "utility": {
    "utility_type": "plastic_pipe",
    "depth_m": 22.728024573293688,
    "diameter_m": 0.45660025670342486,
    "x_position_m": 27.880298454844016
  },
  "saturation_states": [
    {
      "state_id": 0,
      "phreatic_level": 0.3
    },
    {
      "state_id": 1,
      "phreatic_level": 0.6
    },
    {
      "state_id": 2,
      "phreatic_level": 0.85
    }
  ],
  "seed": 47
}