{
  "scenario_id": "scenario_0001",
  "scenario_type": "crack_only",
  "dam": {
    "dam_type": "homogeneous",
    "height_m": 21.60934072833945,
    "crest_width_m": 6.633270638512314,
    "upstream_slope": 3.3585979199113822,
    "downstream_slope": 2.697368029059364
  },
  "crack": {
    "orientation": "longitudinal",
    "width_mm": 40.372893737462924,
    "depth_top_m": 0.6105331198186734,
    "depth_bottom_m": 20.634005652956382,
    "fill": "water",
    "x_offset_m": -1.2334114606181532
  },
  "utility": null,
  "saturation_states": [
    {
      "state_id": 2,
      "phreatic_level": 1.0
    }
  ],
  "seed": 42
}